[
      {
            "fakeData": true,
            "createTime": "2019-07-29 10:51:11",
            "createUserId": "20072026234124",
            "createUserName": "admin-kfc",
            "updateTime": "2019-07-29 10:51:11",
            "updateUserId": "20072026234124",
            "updateUserName": "admin-kfc",
            "deleteFlag": 1,
            "userCache": null,
            "commodityCode": null,
            "tid": null,
            "id": "9b98ba8f-6933-4d2e-a500-30fc6e365c89",
            "cid": "2",
            "name": "这里显示商品名称，最多两行",
            "description": "商品描述",
            "productCategoryInfoId": "6",
            "productLabelId": "1158658638445940736",
            "productCatalogInfoId": "1154350994851762176",
            "productCatalogInfoName": "数码产品",
            "startSaleNum": 1,
            "productUnit": "台",
            "productBrandInfoId": "555555555555555",
            "selfSaleCount": 99,
            "status": 1,
            "autoSaleTime": null,
            "isJoinDiscount": 1,
            "isGiveScore": 1,
            "isSupportInvoice": 1,
            "isCashOnDelivery": 1,
            "freightTemplateId": "1",
            "isFreeFreight": 1,
            "isAfterSaleService": 1,
            "isShowRelationProduct": 1,
            "isRecommend": 1,
            "isShowSaleCount": 1,
            "isShowStock": 1,
            "mainImage": "https://omo.aiyouyi.cn/web-file/2/image/2ea31/32c40897b9454927ba11403b6babf46c.png",
            "productSpecs": "{\"颜色\":[\"黑色\",\"白色\"],\"内存\":[\"16g\",\"32g\"]}",
            "goodsInfo": null,
            "goodsInfos": [
            {
                  "startIndex": 1,
                  "pageSize": 10,
                  "orderBy": null,
                  "createTime": "2019-07-29 10:51:11",
                  "createUserId": "20072026234124",
                  "createUserName": "admin-kfc",
                  "updateTime": "2019-07-29 10:51:11",
                  "updateUserId": "0",
                  "updateUserName": "",
                  "deleteFlag": 1,
                  "userCache": null,
                  "commodityCode": null,
                  "tid": null,
                  "id": "1155672085264207872",
                  "cid": "2",
                  "productInfoId": "1155672084941246464",
                  "name": "苹果8Plus手机 Apple iPhone 8Plus",
                  "productCategoryInfoId": "6",
                  "productCatalogInfoId": "1154350994851762176",
                  "productBrandInfoId": "555555555555555",
                  "status": 1,
                  "costPrice": 100,
                  "salePrice": 5699,
                  "realPrice": null,
                  "marketPrice": null,
                  "stock": 517,
                  "warningStock": null,
                  "weight": 0.1,
                  "volume": 0.2,
                  "specs": "{\"颜色\":\"黑色\",\"内存\":\"32g\"}",
                  "saleCount": 10,
                  "image": "https://omo.aiyouyi.cn/web-file/2/image/2ea31/32c40897b9454927ba11403b6babf46c.png"
            },
            {
                  "startIndex": 1,
                  "pageSize": 10,
                  "orderBy": null,
                  "createTime": "2019-07-29 10:51:11",
                  "createUserId": "20072026234124",
                  "createUserName": "admin-kfc",
                  "updateTime": "2019-07-29 10:51:11",
                  "updateUserId": "0",
                  "updateUserName": "",
                  "deleteFlag": 1,
                  "userCache": null,
                  "commodityCode": null,
                  "tid": null,
                  "id": "1155672085322928128",
                  "cid": "2",
                  "productInfoId": "1155672084941246464",
                  "name": "苹果8Plus手机 Apple iPhone 8Plus",
                  "productCategoryInfoId": "6",
                  "productCatalogInfoId": "1154350994851762176",
                  "productBrandInfoId": "555555555555555",
                  "status": 1,
                  "costPrice": 200,
                  "salePrice": 5699,
                  "realPrice": null,
                  "marketPrice": null,
                  "stock": 2,
                  "warningStock": null,
                  "weight": 0.1,
                  "volume": 0.2,
                  "specs": "{\"颜色\":\"白色\",\"内存\":\"16g\"}",
                  "saleCount": 0,
                  "image": "https://omo.aiyouyi.cn/web-file/2/image/2ea31/32c40897b9454927ba11403b6babf46c.png"
            }
            ],
            "relationProductInfoIds": [
            "1156003937296453633",
            "1156003937296453651"
            ],
            "salePrice": 5699,
            "realPrice": null,
            "saleCount": 109,
            "stock": 519,
            "productLabelInfo": {
            "createTime": "2019-08-06 16:38:41",
            "createUserId": "20072026234124",
            "createUserName": "admin-kfc",
            "updateTime": "2019-08-06 16:38:41",
            "updateUserId": "20072026234124",
            "updateUserName": "admin-kfc",
            "deleteFlag": 1,
            "userCache": null,
            "commodityCode": null,
            "tid": null,
            "id": "1158658638445940736",
            "cid": "2",
            "name": "标签6",
            "productCount": null,
            "enable": 1
            },
            "code": "T28150999882"
      },
      {
            "fakeData": true,
            "createTime": "2019-07-29 10:51:11",
            "createUserId": "20072026234124",
            "createUserName": "admin-kfc",
            "updateTime": "2019-07-29 10:51:11",
            "updateUserId": "20072026234124",
            "updateUserName": "admin-kfc",
            "deleteFlag": 1,
            "userCache": null,
            "commodityCode": null,
            "tid": null,
            "id": "9b98ba8f-6933-4d2e-a500-30fc6e365c89",
            "cid": "2",
            "name": "这里显示商品名称，最多两行",
            "description": "商品描述商品描述",
            "productCategoryInfoId": "6",
            "productLabelId": "1158658638445940736",
            "productCatalogInfoId": "1154350994851762176",
            "productCatalogInfoName": "数码产品",
            "startSaleNum": 1,
            "productUnit": "台",
            "productBrandInfoId": "555555555555555",
            "selfSaleCount": 99,
            "status": 1,
            "autoSaleTime": null,
            "isJoinDiscount": 1,
            "isGiveScore": 1,
            "isSupportInvoice": 1,
            "isCashOnDelivery": 1,
            "freightTemplateId": "1",
            "isFreeFreight": 1,
            "isAfterSaleService": 1,
            "isShowRelationProduct": 1,
            "isRecommend": 1,
            "isShowSaleCount": 1,
            "isShowStock": 1,
            "mainImage": "https://omo.aiyouyi.cn/web-file/2/image/2ea31/32c40897b9454927ba11403b6babf46c.png",
            "productSpecs": "{\"颜色\":[\"黑色\",\"白色\"],\"内存\":[\"16g\",\"32g\"]}",
            "goodsInfo": null,
            "goodsInfos": [
            {
                  "startIndex": 1,
                  "pageSize": 10,
                  "orderBy": null,
                  "createTime": "2019-07-29 10:51:11",
                  "createUserId": "20072026234124",
                  "createUserName": "admin-kfc",
                  "updateTime": "2019-07-29 10:51:11",
                  "updateUserId": "0",
                  "updateUserName": "",
                  "deleteFlag": 1,
                  "userCache": null,
                  "commodityCode": null,
                  "tid": null,
                  "id": "1155672085264207872",
                  "cid": "2",
                  "productInfoId": "1155672084941246464",
                  "name": "苹果8Plus手机 Apple iPhone 8Plus",
                  "productCategoryInfoId": "6",
                  "productCatalogInfoId": "1154350994851762176",
                  "productBrandInfoId": "555555555555555",
                  "status": 1,
                  "costPrice": 100,
                  "salePrice": 5699,
                  "realPrice": null,
                  "marketPrice": null,
                  "stock": 517,
                  "warningStock": null,
                  "weight": 0.1,
                  "volume": 0.2,
                  "specs": "{\"颜色\":\"黑色\",\"内存\":\"32g\"}",
                  "saleCount": 10,
                  "image": "https://omo.aiyouyi.cn/web-file/2/image/2ea31/32c40897b9454927ba11403b6babf46c.png"
            },
            {
                  "startIndex": 1,
                  "pageSize": 10,
                  "orderBy": null,
                  "createTime": "2019-07-29 10:51:11",
                  "createUserId": "20072026234124",
                  "createUserName": "admin-kfc",
                  "updateTime": "2019-07-29 10:51:11",
                  "updateUserId": "0",
                  "updateUserName": "",
                  "deleteFlag": 1,
                  "userCache": null,
                  "commodityCode": null,
                  "tid": null,
                  "id": "1155672085322928128",
                  "cid": "2",
                  "productInfoId": "1155672084941246464",
                  "name": "苹果8Plus手机 Apple iPhone 8Plus",
                  "productCategoryInfoId": "6",
                  "productCatalogInfoId": "1154350994851762176",
                  "productBrandInfoId": "555555555555555",
                  "status": 1,
                  "costPrice": 200,
                  "salePrice": 5699,
                  "realPrice": null,
                  "marketPrice": null,
                  "stock": 2,
                  "warningStock": null,
                  "weight": 0.1,
                  "volume": 0.2,
                  "specs": "{\"颜色\":\"白色\",\"内存\":\"16g\"}",
                  "saleCount": 0,
                  "image": "https://omo.aiyouyi.cn/web-file/2/image/2ea31/32c40897b9454927ba11403b6babf46c.png"
            }
            ],
            "relationProductInfoIds": [
            "1156003937296453633",
            "1156003937296453651"
            ],
            "salePrice": 5699,
            "realPrice": null,
            "saleCount": 109,
            "stock": 519,
            "productLabelInfo": {
            "createTime": "2019-08-06 16:38:41",
            "createUserId": "20072026234124",
            "createUserName": "admin-kfc",
            "updateTime": "2019-08-06 16:38:41",
            "updateUserId": "20072026234124",
            "updateUserName": "admin-kfc",
            "deleteFlag": 1,
            "userCache": null,
            "commodityCode": null,
            "tid": null,
            "id": "1158658638445940736",
            "cid": "2",
            "name": "标签6",
            "productCount": null,
            "enable": 1
            },
            "code": "T28150999882"
      },
      {
            "fakeData": true,
            "createTime": "2019-07-29 10:51:11",
            "createUserId": "20072026234124",
            "createUserName": "admin-kfc",
            "updateTime": "2019-07-29 10:51:11",
            "updateUserId": "20072026234124",
            "updateUserName": "admin-kfc",
            "deleteFlag": 1,
            "userCache": null,
            "commodityCode": null,
            "tid": null,
            "id": "9b98ba8f-6933-4d2e-a500-30fc6e365c89",
            "cid": "2",
            "name": "这里显示商品名称，最多两行",
            "description": "商品描述",
            "productCategoryInfoId": "6",
            "productLabelId": "1158658638445940736",
            "productCatalogInfoId": "1154350994851762176",
            "productCatalogInfoName": "数码产品",
            "startSaleNum": 1,
            "productUnit": "台",
            "productBrandInfoId": "555555555555555",
            "selfSaleCount": 99,
            "status": 1,
            "autoSaleTime": null,
            "isJoinDiscount": 1,
            "isGiveScore": 1,
            "isSupportInvoice": 1,
            "isCashOnDelivery": 1,
            "freightTemplateId": "1",
            "isFreeFreight": 1,
            "isAfterSaleService": 1,
            "isShowRelationProduct": 1,
            "isRecommend": 1,
            "isShowSaleCount": 1,
            "isShowStock": 1,
            "mainImage": "https://omo.aiyouyi.cn/web-file/2/image/2ea31/32c40897b9454927ba11403b6babf46c.png",
            "productSpecs": "{\"颜色\":[\"黑色\",\"白色\"],\"内存\":[\"16g\",\"32g\"]}",
            "goodsInfo": null,
            "goodsInfos": [
            {
                  "startIndex": 1,
                  "pageSize": 10,
                  "orderBy": null,
                  "createTime": "2019-07-29 10:51:11",
                  "createUserId": "20072026234124",
                  "createUserName": "admin-kfc",
                  "updateTime": "2019-07-29 10:51:11",
                  "updateUserId": "0",
                  "updateUserName": "",
                  "deleteFlag": 1,
                  "userCache": null,
                  "commodityCode": null,
                  "tid": null,
                  "id": "1155672085264207872",
                  "cid": "2",
                  "productInfoId": "1155672084941246464",
                  "name": "苹果8Plus手机 Apple iPhone 8Plus",
                  "productCategoryInfoId": "6",
                  "productCatalogInfoId": "1154350994851762176",
                  "productBrandInfoId": "555555555555555",
                  "status": 1,
                  "costPrice": 100,
                  "salePrice": 5699,
                  "realPrice": null,
                  "marketPrice": null,
                  "stock": 517,
                  "warningStock": null,
                  "weight": 0.1,
                  "volume": 0.2,
                  "specs": "{\"颜色\":\"黑色\",\"内存\":\"32g\"}",
                  "saleCount": 10,
                  "image": "https://omo.aiyouyi.cn/web-file/2/image/2ea31/32c40897b9454927ba11403b6babf46c.png"
            },
            {
                  "startIndex": 1,
                  "pageSize": 10,
                  "orderBy": null,
                  "createTime": "2019-07-29 10:51:11",
                  "createUserId": "20072026234124",
                  "createUserName": "admin-kfc",
                  "updateTime": "2019-07-29 10:51:11",
                  "updateUserId": "0",
                  "updateUserName": "",
                  "deleteFlag": 1,
                  "userCache": null,
                  "commodityCode": null,
                  "tid": null,
                  "id": "1155672085322928128",
                  "cid": "2",
                  "productInfoId": "1155672084941246464",
                  "name": "苹果8Plus手机 Apple iPhone 8Plus",
                  "productCategoryInfoId": "6",
                  "productCatalogInfoId": "1154350994851762176",
                  "productBrandInfoId": "555555555555555",
                  "status": 1,
                  "costPrice": 200,
                  "salePrice": 5699,
                  "realPrice": null,
                  "marketPrice": null,
                  "stock": 2,
                  "warningStock": null,
                  "weight": 0.1,
                  "volume": 0.2,
                  "specs": "{\"颜色\":\"白色\",\"内存\":\"16g\"}",
                  "saleCount": 0,
                  "image": "https://omo.aiyouyi.cn/web-file/2/image/2ea31/32c40897b9454927ba11403b6babf46c.png"
            }
            ],
            "relationProductInfoIds": [
            "1156003937296453633",
            "1156003937296453651"
            ],
            "salePrice": 5699,
            "realPrice": null,
            "saleCount": 109,
            "stock": 519,
            "productLabelInfo": {
            "createTime": "2019-08-06 16:38:41",
            "createUserId": "20072026234124",
            "createUserName": "admin-kfc",
            "updateTime": "2019-08-06 16:38:41",
            "updateUserId": "20072026234124",
            "updateUserName": "admin-kfc",
            "deleteFlag": 1,
            "userCache": null,
            "commodityCode": null,
            "tid": null,
            "id": "1158658638445940736",
            "cid": "2",
            "name": "标签6",
            "productCount": null,
            "enable": 1
            },
            "code": "T28150999882"
      },
      {
            "fakeData": true,
            "createTime": "2019-07-29 10:51:11",
            "createUserId": "20072026234124",
            "createUserName": "admin-kfc",
            "updateTime": "2019-07-29 10:51:11",
            "updateUserId": "20072026234124",
            "updateUserName": "admin-kfc",
            "deleteFlag": 1,
            "userCache": null,
            "commodityCode": null,
            "tid": null,
            "id": "9b98ba8f-6933-4d2e-a500-30fc6e365c89",
            "cid": "2",
            "name": "这里显示商品名称，最多两行",
            "description": "商品描述商品描述",
            "productCategoryInfoId": "6",
            "productLabelId": "1158658638445940736",
            "productCatalogInfoId": "1154350994851762176",
            "productCatalogInfoName": "数码产品",
            "startSaleNum": 1,
            "productUnit": "台",
            "productBrandInfoId": "555555555555555",
            "selfSaleCount": 99,
            "status": 1,
            "autoSaleTime": null,
            "isJoinDiscount": 1,
            "isGiveScore": 1,
            "isSupportInvoice": 1,
            "isCashOnDelivery": 1,
            "freightTemplateId": "1",
            "isFreeFreight": 1,
            "isAfterSaleService": 1,
            "isShowRelationProduct": 1,
            "isRecommend": 1,
            "isShowSaleCount": 1,
            "isShowStock": 1,
            "mainImage": "https://omo.aiyouyi.cn/web-file/2/image/2ea31/32c40897b9454927ba11403b6babf46c.png",
            "productSpecs": "{\"颜色\":[\"黑色\",\"白色\"],\"内存\":[\"16g\",\"32g\"]}",
            "goodsInfo": null,
            "goodsInfos": [
            {
                  "startIndex": 1,
                  "pageSize": 10,
                  "orderBy": null,
                  "createTime": "2019-07-29 10:51:11",
                  "createUserId": "20072026234124",
                  "createUserName": "admin-kfc",
                  "updateTime": "2019-07-29 10:51:11",
                  "updateUserId": "0",
                  "updateUserName": "",
                  "deleteFlag": 1,
                  "userCache": null,
                  "commodityCode": null,
                  "tid": null,
                  "id": "1155672085264207872",
                  "cid": "2",
                  "productInfoId": "1155672084941246464",
                  "name": "苹果8Plus手机 Apple iPhone 8Plus",
                  "productCategoryInfoId": "6",
                  "productCatalogInfoId": "1154350994851762176",
                  "productBrandInfoId": "555555555555555",
                  "status": 1,
                  "costPrice": 100,
                  "salePrice": 5699,
                  "realPrice": null,
                  "marketPrice": null,
                  "stock": 517,
                  "warningStock": null,
                  "weight": 0.1,
                  "volume": 0.2,
                  "specs": "{\"颜色\":\"黑色\",\"内存\":\"32g\"}",
                  "saleCount": 10,
                  "image": "https://omo.aiyouyi.cn/web-file/2/image/2ea31/32c40897b9454927ba11403b6babf46c.png"
            },
            {
                  "startIndex": 1,
                  "pageSize": 10,
                  "orderBy": null,
                  "createTime": "2019-07-29 10:51:11",
                  "createUserId": "20072026234124",
                  "createUserName": "admin-kfc",
                  "updateTime": "2019-07-29 10:51:11",
                  "updateUserId": "0",
                  "updateUserName": "",
                  "deleteFlag": 1,
                  "userCache": null,
                  "commodityCode": null,
                  "tid": null,
                  "id": "1155672085322928128",
                  "cid": "2",
                  "productInfoId": "1155672084941246464",
                  "name": "苹果8Plus手机 Apple iPhone 8Plus",
                  "productCategoryInfoId": "6",
                  "productCatalogInfoId": "1154350994851762176",
                  "productBrandInfoId": "555555555555555",
                  "status": 1,
                  "costPrice": 200,
                  "salePrice": 5699,
                  "realPrice": null,
                  "marketPrice": null,
                  "stock": 2,
                  "warningStock": null,
                  "weight": 0.1,
                  "volume": 0.2,
                  "specs": "{\"颜色\":\"白色\",\"内存\":\"16g\"}",
                  "saleCount": 0,
                  "image": "https://omo.aiyouyi.cn/web-file/2/image/2ea31/32c40897b9454927ba11403b6babf46c.png"
            }
            ],
            "relationProductInfoIds": [
            "1156003937296453633",
            "1156003937296453651"
            ],
            "salePrice": 5699,
            "realPrice": null,
            "saleCount": 109,
            "stock": 519,
            "productLabelInfo": {
            "createTime": "2019-08-06 16:38:41",
            "createUserId": "20072026234124",
            "createUserName": "admin-kfc",
            "updateTime": "2019-08-06 16:38:41",
            "updateUserId": "20072026234124",
            "updateUserName": "admin-kfc",
            "deleteFlag": 1,
            "userCache": null,
            "commodityCode": null,
            "tid": null,
            "id": "1158658638445940736",
            "cid": "2",
            "name": "标签6",
            "productCount": null,
            "enable": 1
            },
            "code": "T28150999882"
      }
]